Metric;Mean;Std
MAE;11.462620980228717;0.1051329423084333
RMSE;17.227262414760673;0.32518585870764655
R2;0.9092493991878696;0.004476361029211229
Spearman;0.9532268160455445;0.0019431711503692536
