Metric;Value
MAE (Rank);12.191647388286862
RMSE (Rank);18.185426266085717
R2 (Rank);0.8988737410424911
Spearman (Rank);0.9518567951091146
