Metric;Value
MAE;14.516117709851727
RMSE;30.322563744440203
R2;0.7554215076554163
Spearman;0.87004760584667
