Metric;Value
MAE (Rank);7.880460030593167
RMSE (Rank);12.920644825858863
R2 (Rank);0.9496300326824845
Spearman (Rank);0.9750368758403942
