Metric;Mean;Std
MAE;7.884814306676138;0.24723413910627026
RMSE;12.782891036705541;0.5337606781275483
R2;0.9506983486422079;0.0040494874022148535
Spearman;0.9752584302949167;0.002043205435410683
