Metric;Value
MAE (Rank);10.629311345952852
RMSE (Rank);16.254526003791785
R2 (Rank);0.9200086503894742
Spearman (Rank);0.9606262385472765
