Group;Sample_Size;MAE;R2_Score;Spearman_Correlation
Hot Start (Seen Song & Artist);14035;6.947238964657893;0.9649701698762869;0.9813137950701161
Warm Start (New Song, Established Artist);1332;8.799944255656854;0.9373549980874225;0.975502750068859
True Cold Start (New Song + New Artist);2241;10.738050841794994;0.9126674270613788;0.9590601980819765
Artist Cold Start (Known Song, New Artist);43;17.743364183130883;0.6814755318611596;0.8425226970602092
