Metric;Mean;Std
MAE;10.779725308507428;0.22867942969619554
RMSE;15.72180658857015;0.5283237299710778
R2;0.9251659407421318;0.00546048891251474
Spearman;0.961711902078266;0.0025353494272889725
