Metric;Value
MAE (Rank);10.772268029264893
RMSE (Rank);16.29152101402482
R2 (Rank);0.9196441182669421
Spearman (Rank);0.9604339579551505
