Metric;Value
MAE (Rank);10.982696550923238
RMSE (Rank);16.906768195706874
R2 (Rank);0.9134602569394854
Spearman (Rank);0.9572934893778351
