Metric;Value
MAE;14.964471688715015
RMSE;29.777527159194953
R2;0.7641348988412962
Spearman;0.8708017646665301
