Metric;Value
MAE;11.331638229035331
R2;0.9099160185035713
Spearman;0.9535294110111061
