Metric;Value
MAE (Rank);7.792533000963118
RMSE (Rank);12.455829840453564
R2 (Rank);0.9531889238111414
Spearman (Rank);0.9768275420671623
