Metric;Mean;Std
MAE;7.688967500001228;0.2042925656941279
RMSE;12.12573255122701;0.3961426912372598
R2;0.9556371680047491;0.0029186911341099464
Spearman;0.977224957528476;0.0014509118773539421
