MAE;RMSE;R2;Spearman
10.219336634188382;15.716604155759297;0.925215458556656;0.9616095812973778
