Metric;Value
MAE (Rank);12.26263241202971
RMSE (Rank);18.218083747452628
R2 (Rank);0.8985102088141678
Spearman (Rank);0.9516523578246102
