Metric;Mean;Std
MAE;11.437228015347866;0.10509670849714485
RMSE;17.257810681540814;0.3024786285982834
R2;0.9089272665743157;0.004332737009190855
Spearman;0.9530642691083692;0.001896005860696661
