Metric;Value
MAE;20.44561759221553
RMSE;31.31525329683312
R2;0.737599926523769
Spearman;0.8700111967207326
