Metric;Value
MAE;10.274250017197739
R2;0.9266549657364455
Spearman;0.9619549405760454
