Group;N;MAE;R2;Spearman
Hot Start;13089;12.816990166961741;0.8024674844335355;0.893743313764737
True Cold Start;1878;23.720557330166315;0.5867760097996717;0.7986869992020209
Warm Start;1094;22.10491074700678;0.6008566412887588;0.8138895722026575
