Metric;Mean;Std
MAE;11.553716805999294;0.13989884043309864
RMSE;17.30236490806876;0.3651352980341343
R2;0.9084564173930827;0.004926861283807317
Spearman;0.9529529772003786;0.0021147262390741246
