Metric;Value
MAE (Rank);12.399853890174114
RMSE (Rank);18.252640752385688
R2 (Rank);0.8981248214631463
Spearman (Rank);0.9514714123329084
