Metric;Mean;Std
MAE;10.325107069905968;0.245426426856995
RMSE;15.625586070657015;0.523690806804118
R2;0.9260791357299542;0.005255574679436171
Spearman;0.9616348865981584;0.0024828978062783748
