Metric;Value
MAE (Rank);10.639182441063756
RMSE (Rank);16.27668387025136
R2 (Rank);0.9197904163149606
Spearman (Rank);0.9605094324967349
