Metric;Value
MAE (Rank);12.224643857299403
RMSE (Rank);18.369487906887358
R2 (Rank);0.8968163064934187
Spearman (Rank);0.9508107482879246
