Metric;Mean;Std
MAE;10.442486431406806;0.2400206858755935
RMSE;15.6044569596771;0.5195128212951522
R2;0.9262789139833453;0.005175090202009302
Spearman;0.9617515586729706;0.0024461126716603244
