Metric;Value
MAE (Rank);10.755429102310998
RMSE (Rank);16.260783385118895
R2 (Rank);0.9199470512113612
Spearman (Rank);0.9605899310142021
