Metric;Value
MAE;15.209286144829116
RMSE;30.24198909616595
R2;0.7567195933433659
Spearman;0.8681637695494139
