Metric;Value;Train_Time_sec
MAE;11.585432538622758;575.4553892612457
RMSE;17.307050516648623;
R2;0.9084068293190725;
Spearman;0.9534353843676229;
