Metric;Value
MAE (Rank);12.648484110556435
RMSE (Rank);19.039101817772742
R2 (Rank);0.889156588618271
Spearman (Rank);0.9468064938153463
