Metric;Mean;Std
MAE;12.351276198032396;0.045326848940706405
RMSE;18.362064518366754;0.21580495244367506
R2;0.8968996858319385;0.002666006383061664
Spearman;0.9476679918322105;0.001109189082392817
