hidden_channels;kernel_size;dropout;lr;batch_size
(128, 64, 32);3;0.3099475744103242;0.00038901618990417263;128
