Metric;Value
MAE;14.54666478047075
RMSE;30.273984356086547
R2;0.7562045519972356
Spearman;0.869200183864526
