Metric;Mean;Std
MAE;7.661203759674661;0.22233657399040205
RMSE;12.137424981813135;0.4183295136830906
R2;0.9555515716222821;0.003093622999088835
Spearman;0.9772407724803857;0.0015290421833864987
