Metric;Value
MAE (Rank);7.782335278454479
RMSE (Rank);12.451335216867072
R2 (Rank);0.9532227007989906
Spearman (Rank);0.976844282263831
