Metric;Value
MAE (Rank);7.853492719959209
RMSE (Rank);12.513927428877052
R2 (Rank);0.9527512246457216
Spearman (Rank);0.9766083455987213
