Metric;Value
MAE;14.59344987084236
RMSE;29.93384059754159
R2;0.7625381771013342
Spearman;0.8723144897442567
