Metric;Mean;Std
MAE;7.653796491948821;0.23728309609992995
RMSE;12.153952443322648;0.45794783053767874
R2;0.9554304388690058;0.0034189982756073762
Spearman;0.9771019866699543;0.0016987346892464725
