Metric;Value
MAE (Rank);7.783015126621721
RMSE (Rank);12.493878167801219
R2 (Rank);0.9529025031591155
Spearman (Rank);0.9766823025402596
