Metric;Value
MAE;14.916378126478932
RMSE;30.630520234536785
R2;0.7504283937519143
Spearman;0.8666295695965794
