Metric;Value
MAE (Rank);7.773723868336072
RMSE (Rank);12.490762549048423
R2 (Rank);0.9529259897893306
Spearman (Rank);0.9766957519799763
