Metric;Value
MAE;14.850500787076763
RMSE;30.368044110320795
R2;0.7546872780953162
Spearman;0.8685491027090886
