MAE;RMSE;R2;Spearman
10.228371588240488;15.827729061400044;0.9241541854428936;0.9611611438576632
