Metric;Mean;Std
MAE;11.497564648124632;0.07203865670020088
RMSE;17.429851877961887;0.30723507842168485
R2;0.9071024279674137;0.003998535362364636
Spearman;0.9519720483903076;0.0016353009783650527
