Metric;Value
MAE (Rank);12.441251674175088
RMSE (Rank);18.39764647545631
R2 (Rank);0.8964997236854063
Spearman (Rank);0.9506122693540273
