Metric;Mean;Std
MAE;10.341833139653682;0.18358048287218554
RMSE;15.633991165244145;0.4620577184588029
R2;0.9259995894067645;0.004754139318216936
Spearman;0.961625089170023;0.0021580622777013095
