Metric;Value
MAE (Rank);10.690279874579026
RMSE (Rank);16.302071017262314
R2 (Rank);0.9195400114368093
Spearman (Rank);0.9603771624574561
