Metric;Value;Train_Time_sec
MAE;7.593603501528449;5.092038154602051
RMSE;12.091854180566552;
R2;0.9558847144369508;
Spearman;0.9773400709571801;
