Metric;Value
MAE (Rank);7.75355503937454
RMSE (Rank);12.467231992236323
R2 (Rank);0.9531031822266008
Spearman (Rank);0.9767833322582865
