Metric;Mean;Std
MAE;7.605066103770158;0.2252036258001254
RMSE;12.11219330685059;0.434421128366612
R2;0.9557361812219436;0.0032148821577838477
Spearman;0.9772629717182543;0.001600278446220602
