Metric;Value
MAE (Rank);12.270303177888714
RMSE (Rank);18.19766128972179
R2 (Rank);0.8987376212322955
Spearman (Rank);0.9517875640745331
