Metric;Mean;Std
MAE;11.557994131847668;0.08540843646874959
RMSE;17.271439394473;0.30918022031274117
R2;0.9087833671817356;0.004408890353877624
Spearman;0.9530577803682332;0.0018767278355329054
