Metric;Value
MAE (Rank);12.200901010592963
RMSE (Rank);18.207423995911835
R2 (Rank);0.8986289413291333
Spearman (Rank);0.9517183920145613
