Metric;Value
MAE;11.303064859555035
RMSE;17.242381709207237
R2;0.9091375180190051
Spearman;0.9530790655200294
