Metric;Mean;Std
MAE;10.49462124324263;0.22791183225586503
RMSE;15.684604300182615;0.5110385578203742
R2;0.9255196792734164;0.005178506530158306
Spearman;0.961451764488297;0.002424417597502793
