Metric;Value
MAE (Rank);10.722099639995355
RMSE (Rank);16.329865244292737
R2 (Rank);0.9192654169270701
Spearman (Rank);0.9602409793350988
