Metric;Mean;Std
MAE;7.635105919671811;0.19732699708876986
RMSE;12.133609677026682;0.39362896079721593
R2;0.9555795112631933;0.0028995865501639626
Spearman;0.9771396476850407;0.0014430417002972886
