Metric;Value
MAE (Rank);7.791286612656506
RMSE (Rank);12.48740569998765
R2 (Rank);0.9529512883429829
Spearman (Rank);0.9767067976657616
