Metric;Mean;Std
MAE;10.815496849385223;0.26971302378262607
RMSE;15.725643072088232;0.5618852512632698
R2;0.9251294138121274;0.005827084876122279
Spearman;0.9617841381905449;0.0026966988047216404
