Metric;Value
MAE (Rank);10.70723493206364
RMSE (Rank);16.25203595332086
R2 (Rank);0.9200331564551962
Spearman (Rank);0.960630328082865
