Metric;Value
MAE;7.59371117319868
RMSE;12.092120949120822
R2;0.9558827678867207
Spearman;0.9773391925794717
Train_Time_sec;4.558187961578369
