Metric;Value
MAE;7.594638332890241
R2;0.955787560371532
Spearman;0.9772891076704848
